,Celltype,Motif,Influe,Query_ID,Target_ID,gene_name,Gene,JSDR_scale
0,Intestinal_rectal_muscle,Motif_66,0.3762704,Motif_66,M09137_2.00,dsc-1,dsc-1,7.509745406696558
1,Intestinal_rectal_muscle,Motif_66,0.3762704,Motif_66,M06212_2.00,dsc-1,dsc-1,7.509745406696558
2,Intestinal_rectal_muscle,Motif_66,0.3762704,Motif_66,M06477_2.00,dsc-1,dsc-1,7.509745406696558
3,Intestinal_rectal_muscle,Motif_66,0.3762704,Motif_66,M06337_2.00,dsc-1,dsc-1,7.509745406696558
4,Intestinal_rectal_muscle,Motif_66,0.3762704,Motif_66,M06531_2.00,dsc-1,dsc-1,7.509745406696558
5,Intestinal_rectal_muscle,Motif_66,0.3762704,Motif_66,M02052_2.00,dsc-1,dsc-1,7.509745406696558
6,Intestinal_rectal_muscle,Motif_66,0.3762704,Motif_66,M02097_2.00,dsc-1,dsc-1,7.509745406696558
7,Intestinal_rectal_muscle,Motif_66,0.3762704,Motif_66,M02233_2.00,dsc-1,dsc-1,7.509745406696558
8,Intestinal_rectal_muscle,Motif_66,0.3762704,Motif_66,M02130_2.00,dsc-1,dsc-1,7.509745406696558
9,Intestinal_rectal_muscle,Motif_66,0.3762704,Motif_66,M03813_2.00,dsc-1,dsc-1,7.509745406696558
10,Intestinal_rectal_muscle,Motif_66,0.3762704,Motif_66,M03846_2.00,dsc-1,dsc-1,7.509745406696558
11,Intestinal_rectal_muscle,Motif_66,0.3762704,Motif_66,M02079_2.00,dsc-1,dsc-1,7.509745406696558
12,Intestinal_rectal_muscle,Motif_66,0.3762704,Motif_66,M02687_2.00,dsc-1,dsc-1,7.509745406696558
13,Intestinal_rectal_muscle,Motif_66,0.3762704,Motif_66,M06511_2.00,dsc-1,dsc-1,7.509745406696558
14,Intestinal_rectal_muscle,Motif_66,0.3762704,Motif_66,M06301_2.00,dsc-1,dsc-1,7.509745406696558
15,Intestinal_rectal_muscle,Motif_66,0.3762704,Motif_66,M00287_2.00,dsc-1,dsc-1,7.509745406696558
16,Intestinal_rectal_muscle,Motif_66,0.3762704,Motif_66,M03826_2.00,dsc-1,dsc-1,7.509745406696558
17,Intestinal_rectal_muscle,Motif_66,0.3762704,Motif_66,M05325_2.00,dsc-1,dsc-1,7.509745406696558
18,Intestinal_rectal_muscle,Motif_66,0.3762704,Motif_66,M06506_2.00,dsc-1,dsc-1,7.509745406696558
19,Intestinal_rectal_muscle,Motif_66,0.3762704,Motif_66,M03835_2.00,dsc-1,dsc-1,7.509745406696558
20,Intestinal_rectal_muscle,Motif_66,0.3762704,Motif_66,M06302_2.00,dsc-1,dsc-1,7.509745406696558
21,Intestinal_rectal_muscle,Motif_66,0.3762704,Motif_66,M06291_2.00,dsc-1,dsc-1,7.509745406696558
22,Intestinal_rectal_muscle,Motif_66,0.3762704,Motif_66,M02129_2.00,dsc-1,dsc-1,7.509745406696558
23,Intestinal_rectal_muscle,Motif_66,0.3762704,Motif_66,M06351_2.00,dsc-1,dsc-1,7.509745406696558
24,Intestinal_rectal_muscle,Motif_66,0.3762704,Motif_66,M06326_2.00,dsc-1,dsc-1,7.509745406696558
25,Intestinal_rectal_muscle,Motif_66,0.3762704,Motif_66,M00260_2.00,dsc-1,dsc-1,7.509745406696558
26,Intestinal_rectal_muscle,Motif_66,0.3762704,Motif_66,M00316_2.00,dsc-1,dsc-1,7.509745406696558
27,Intestinal_rectal_muscle,Motif_66,0.3762704,Motif_66,M02162_2.00,dsc-1,dsc-1,7.509745406696558
28,Intestinal_rectal_muscle,Motif_66,0.3762704,Motif_66,M06382_2.00,dsc-1,dsc-1,7.509745406696558
29,Intestinal_rectal_muscle,Motif_66,0.3762704,Motif_66,M06553_2.00,dsc-1,dsc-1,7.509745406696558
30,Intestinal_rectal_muscle,Motif_66,0.3762704,Motif_66,M00556_2.00,dsc-1,dsc-1,7.509745406696558
31,Intestinal_rectal_muscle,Motif_66,0.3762704,Motif_66,M06522_2.00,dsc-1,dsc-1,7.509745406696558
32,Intestinal_rectal_muscle,Motif_66,0.3762704,Motif_66,M00318_2.00,dsc-1,dsc-1,7.509745406696558
33,Intestinal_rectal_muscle,Motif_66,0.3762704,Motif_66,M00319_2.00,dsc-1,dsc-1,7.509745406696558
34,Intestinal_rectal_muscle,Motif_66,0.3762704,Motif_66,M02200_2.00,dsc-1,dsc-1,7.509745406696558
35,Intestinal_rectal_muscle,Motif_66,0.3762704,Motif_66,M03216_2.00,dsc-1,dsc-1,7.509745406696558
36,Intestinal_rectal_muscle,Motif_66,0.3762704,Motif_66,M06322_2.00,dsc-1,dsc-1,7.509745406696558
37,Intestinal_rectal_muscle,Motif_66,0.3762704,Motif_66,M06380_2.00,dsc-1,dsc-1,7.509745406696558
38,Intestinal_rectal_muscle,Motif_66,0.3762704,Motif_66,M06516_2.00,dsc-1,dsc-1,7.509745406696558
39,Intestinal_rectal_muscle,Motif_66,0.3762704,Motif_66,M06517_2.00,dsc-1,dsc-1,7.509745406696558
40,Intestinal_rectal_muscle,Motif_66,0.3762704,Motif_66,M06552_2.00,dsc-1,dsc-1,7.509745406696558
41,Intestinal_rectal_muscle,Motif_66,0.3762704,Motif_66,M06309_2.00,dsc-1,dsc-1,7.509745406696558
42,Intestinal_rectal_muscle,Motif_66,0.3762704,Motif_66,M05088_2.00,dsc-1,dsc-1,7.509745406696558
43,Intestinal_rectal_muscle,Motif_66,0.3762704,Motif_66,M06338_2.00,dsc-1,dsc-1,7.509745406696558
44,Intestinal_rectal_muscle,Motif_66,0.3762704,Motif_66,M06525_2.00,dsc-1,dsc-1,7.509745406696558
45,Intestinal_rectal_muscle,Motif_66,0.3762704,Motif_66,M02148_2.00,dsc-1,dsc-1,7.509745406696558
46,Intestinal_rectal_muscle,Motif_66,0.3762704,Motif_66,M03796_2.00,dsc-1,dsc-1,7.509745406696558
47,Intestinal_rectal_muscle,Motif_66,0.3762704,Motif_66,M06318_2.00,dsc-1,dsc-1,7.509745406696558
48,Intestinal_rectal_muscle,Motif_66,0.3762704,Motif_66,M00262_2.00,dsc-1,dsc-1,7.509745406696558
49,Intestinal_rectal_muscle,Motif_66,0.3762704,Motif_66,M05263_2.00,dsc-1,dsc-1,7.509745406696558
50,Intestinal_rectal_muscle,Motif_66,0.3762704,Motif_66,M03867_2.00,dsc-1,dsc-1,7.509745406696558
51,Intestinal_rectal_muscle,Motif_66,0.3762704,Motif_66,M06370_2.00,dsc-1,dsc-1,7.509745406696558
52,Intestinal_rectal_muscle,Motif_66,0.3762704,Motif_66,M06520_2.00,dsc-1,dsc-1,7.509745406696558
53,Intestinal_rectal_muscle,Motif_66,0.3762704,Motif_66,M06547_2.00,dsc-1,dsc-1,7.509745406696558
54,Intestinal_rectal_muscle,Motif_66,0.3762704,Motif_66,M06255_2.00,dsc-1,dsc-1,7.509745406696558
55,Intestinal_rectal_muscle,Motif_66,0.3762704,Motif_66,M06491_2.00,dsc-1,dsc-1,7.509745406696558
56,Intestinal_rectal_muscle,Motif_66,0.3762704,Motif_66,M06321_2.00,dsc-1,dsc-1,7.509745406696558
57,Intestinal_rectal_muscle,Motif_66,0.3762704,Motif_66,M03878_2.00,dsc-1,dsc-1,7.509745406696558
58,Intestinal_rectal_muscle,Motif_66,0.3762704,Motif_66,M06545_2.00,dsc-1,dsc-1,7.509745406696558
59,Intestinal_rectal_muscle,Motif_66,0.3762704,Motif_66,M06265_2.00,dsc-1,dsc-1,7.509745406696558
60,Intestinal_rectal_muscle,Motif_66,0.3762704,Motif_66,M06330_2.00,dsc-1,dsc-1,7.509745406696558
61,Intestinal_rectal_muscle,Motif_66,0.3762704,Motif_66,M06381_2.00,dsc-1,dsc-1,7.509745406696558
62,Intestinal_rectal_muscle,Motif_66,0.3762704,Motif_66,M06528_2.00,dsc-1,dsc-1,7.509745406696558
63,Intestinal_rectal_muscle,Motif_66,0.3762704,Motif_66,M06311_2.00,dsc-1,dsc-1,7.509745406696558
64,Intestinal_rectal_muscle,Motif_66,0.3762704,Motif_66,M05195_2.00,dsc-1,dsc-1,7.509745406696558
65,Intestinal_rectal_muscle,Motif_66,0.3762704,Motif_66,M06544_2.00,dsc-1,dsc-1,7.509745406696558
66,Intestinal_rectal_muscle,Motif_66,0.3762704,Motif_66,M06537_2.00,dsc-1,dsc-1,7.509745406696558
67,Intestinal_rectal_muscle,Motif_66,0.3762704,Motif_66,M03218_2.00,dsc-1,dsc-1,7.509745406696558
68,Intestinal_rectal_muscle,Motif_66,0.3762704,Motif_66,M05305_2.00,dsc-1,dsc-1,7.509745406696558
69,Intestinal_rectal_muscle,Motif_66,0.3762704,Motif_66,M06385_2.00,dsc-1,dsc-1,7.509745406696558
70,Intestinal_rectal_muscle,Motif_66,0.3762704,Motif_66,M03220_2.00,dsc-1,dsc-1,7.509745406696558
71,Intestinal_rectal_muscle,Motif_66,0.3762704,Motif_66,M05090_2.00,dsc-1,dsc-1,7.509745406696558
72,Intestinal_rectal_muscle,Motif_66,0.3762704,Motif_66,M06325_2.00,dsc-1,dsc-1,7.509745406696558
73,Intestinal_rectal_muscle,Motif_66,0.3762704,Motif_66,M05327_2.00,dsc-1,dsc-1,7.509745406696558
74,Intestinal_rectal_muscle,Motif_66,0.3762704,Motif_66,M06478_2.00,dsc-1,dsc-1,7.509745406696558
75,Intestinal_rectal_muscle,Motif_66,0.3762704,Motif_66,M06495_2.00,dsc-1,dsc-1,7.509745406696558
76,Intestinal_rectal_muscle,Motif_66,0.3762704,Motif_66,M06371_2.00,dsc-1,dsc-1,7.509745406696558
77,Intestinal_rectal_muscle,Motif_66,0.3762704,Motif_66,M02186_2.00,dsc-1,dsc-1,7.509745406696558
78,Intestinal_rectal_muscle,Motif_66,0.3762704,Motif_66,M06366_2.00,dsc-1,dsc-1,7.509745406696558
79,Intestinal_rectal_muscle,Motif_66,0.3762704,Motif_66,M03866_2.00,dsc-1,dsc-1,7.509745406696558
80,Intestinal_rectal_muscle,Motif_66,0.3762704,Motif_66,M05328_2.00,dsc-1,dsc-1,7.509745406696558
81,Intestinal_rectal_muscle,Motif_66,0.3762704,Motif_66,M06383_2.00,dsc-1,dsc-1,7.509745406696558
82,Intestinal_rectal_muscle,Motif_66,0.3762704,Motif_66,M06310_2.00,dsc-1,dsc-1,7.509745406696558
83,Intestinal_rectal_muscle,Motif_66,0.3762704,Motif_66,M09156_2.00,dsc-1,dsc-1,7.509745406696558
84,Intestinal_rectal_muscle,Motif_66,0.3762704,Motif_66,M09207_2.00,dsc-1,dsc-1,7.509745406696558
85,Intestinal_rectal_muscle,Motif_66,0.3762704,Motif_66,M05142_2.00,dsc-1,dsc-1,7.509745406696558
86,Intestinal_rectal_muscle,Motif_66,0.3762704,Motif_66,M06317_2.00,dsc-1,dsc-1,7.509745406696558
87,Intestinal_rectal_muscle,Motif_66,0.3762704,Motif_66,M05010_2.00,dsc-1,dsc-1,7.509745406696558
88,Intestinal_rectal_muscle,Motif_66,0.3762704,Motif_66,M03272_2.00,dsc-1,dsc-1,7.509745406696558
89,Intestinal_rectal_muscle,Motif_66,0.3762704,Motif_66,M06485_2.00,dsc-1,dsc-1,7.509745406696558
90,Intestinal_rectal_muscle,Motif_66,0.3762704,Motif_66,M03124_2.00,dsc-1,dsc-1,7.509745406696558
91,Intestinal_rectal_muscle,Motif_66,0.3762704,Motif_66,M03232_2.00,dsc-1,dsc-1,7.509745406696558
92,Intestinal_rectal_muscle,Motif_66,0.3762704,Motif_66,M03277_2.00,dsc-1,dsc-1,7.509745406696558
93,Intestinal_rectal_muscle,Motif_66,0.3762704,Motif_66,M05262_2.00,dsc-1,dsc-1,7.509745406696558
94,Intestinal_rectal_muscle,Motif_66,0.3762704,Motif_66,M06331_2.00,dsc-1,dsc-1,7.509745406696558
95,Intestinal_rectal_muscle,Motif_66,0.3762704,Motif_66,M03876_2.00,dsc-1,dsc-1,7.509745406696558
96,Intestinal_rectal_muscle,Motif_66,0.3762704,Motif_66,M06230_2.00,dsc-1,dsc-1,7.509745406696558
97,Intestinal_rectal_muscle,Motif_66,0.3762704,Motif_66,M03204_2.00,dsc-1,dsc-1,7.509745406696558
98,Intestinal_rectal_muscle,Motif_66,0.3762704,Motif_66,M03263_2.00,dsc-1,dsc-1,7.509745406696558
99,Intestinal_rectal_muscle,Motif_66,0.3762704,Motif_66,M05367_2.00,dsc-1,dsc-1,7.509745406696558
100,Intestinal_rectal_muscle,Motif_66,0.3762704,Motif_66,M06350_2.00,dsc-1,dsc-1,7.509745406696558
101,Intestinal_rectal_muscle,Motif_66,0.3762704,Motif_66,M03149_2.00,dsc-1,dsc-1,7.509745406696558
102,Intestinal_rectal_muscle,Motif_66,0.3762704,Motif_66,M09180_2.00,dsc-1,dsc-1,7.509745406696558
103,Intestinal_rectal_muscle,Motif_66,0.3762704,Motif_66,M02170_2.00,dsc-1,dsc-1,7.509745406696558
104,Intestinal_rectal_muscle,Motif_66,0.3762704,Motif_66,M05308_2.00,dsc-1,dsc-1,7.509745406696558
105,Intestinal_rectal_muscle,Motif_66,0.3762704,Motif_66,M06264_2.00,dsc-1,dsc-1,7.509745406696558
106,Intestinal_rectal_muscle,Motif_66,0.3762704,Motif_66,M09677_2.00,dsc-1,dsc-1,7.509745406696558
107,Intestinal_rectal_muscle,Motif_66,0.3762704,Motif_66,M00282_2.00,dsc-1,dsc-1,7.509745406696558
108,Intestinal_rectal_muscle,Motif_66,0.3762704,Motif_66,M03219_2.00,dsc-1,dsc-1,7.509745406696558
109,Intestinal_rectal_muscle,Motif_66,0.3762704,Motif_66,M04895_2.00,dsc-1,dsc-1,7.509745406696558
110,Intestinal_rectal_muscle,Motif_66,0.3762704,Motif_66,M05253_2.00,dsc-1,dsc-1,7.509745406696558
111,Intestinal_rectal_muscle,Motif_66,0.3762704,Motif_66,M05011_2.00,dsc-1,dsc-1,7.509745406696558
112,Intestinal_rectal_muscle,Motif_66,0.3762704,Motif_66,M06367_2.00,dsc-1,dsc-1,7.509745406696558
113,Intestinal_rectal_muscle,Motif_66,0.3762704,Motif_66,M06312_2.00,dsc-1,dsc-1,7.509745406696558
114,Intestinal_rectal_muscle,Motif_66,0.3762704,Motif_66,M05036_2.00,dsc-1,dsc-1,7.509745406696558
115,Intestinal_rectal_muscle,Motif_66,0.3762704,Motif_66,M06214_2.00,dsc-1,dsc-1,7.509745406696558
116,Intestinal_rectal_muscle,Motif_66,0.3762704,Motif_66,M05198_2.00,dsc-1,dsc-1,7.509745406696558
117,Intestinal_rectal_muscle,Motif_66,0.3762704,Motif_66,M06213_2.00,dsc-1,dsc-1,7.509745406696558
118,Intestinal_rectal_muscle,Motif_66,0.3762704,Motif_66,M06523_2.00,dsc-1,dsc-1,7.509745406696558
119,Intestinal_rectal_muscle,Motif_66,0.3762704,Motif_66,M03257_2.00,dsc-1,dsc-1,7.509745406696558
120,Intestinal_rectal_muscle,Motif_66,0.3762704,Motif_66,M05304_2.00,dsc-1,dsc-1,7.509745406696558
121,Intestinal_rectal_muscle,Motif_66,0.3762704,Motif_66,M05307_2.00,dsc-1,dsc-1,7.509745406696558
122,Intestinal_rectal_muscle,Motif_66,0.3762704,Motif_66,M06236_2.00,dsc-1,dsc-1,7.509745406696558
123,Intestinal_rectal_muscle,Motif_66,0.3762704,Motif_66,M10767_2.00,dsc-1,dsc-1,7.509745406696558
124,Intestinal_rectal_muscle,Motif_66,0.3762704,Motif_66,M02078_2.00,dsc-1,dsc-1,7.509745406696558
125,Intestinal_rectal_muscle,Motif_66,0.3762704,Motif_66,M06365_2.00,dsc-1,dsc-1,7.509745406696558
126,Intestinal_rectal_muscle,Motif_66,0.3762704,Motif_66,M06239_2.00,dsc-1,dsc-1,7.509745406696558
127,Intestinal_rectal_muscle,Motif_66,0.3762704,Motif_66,M06492_2.00,dsc-1,dsc-1,7.509745406696558
128,Intestinal_rectal_muscle,Motif_66,0.3762704,Motif_66,M06258_2.00,dsc-1,dsc-1,7.509745406696558
129,Intestinal_rectal_muscle,Motif_66,0.3762704,Motif_66,M03120_2.00,dsc-1,dsc-1,7.509745406696558
130,Intestinal_rectal_muscle,Motif_66,0.3762704,Motif_66,M05061_2.00,dsc-1,dsc-1,7.509745406696558
131,Intestinal_rectal_muscle,Motif_66,0.3762704,Motif_66,M05366_2.00,dsc-1,dsc-1,7.509745406696558
132,Intestinal_rectal_muscle,Motif_66,0.3762704,Motif_66,M05222_2.00,dsc-1,dsc-1,7.509745406696558
133,Intestinal_rectal_muscle,Motif_66,0.3762704,Motif_66,M05267_2.00,dsc-1,dsc-1,7.509745406696558
134,Intestinal_rectal_muscle,Motif_66,0.3762704,Motif_66,M06257_2.00,dsc-1,dsc-1,7.509745406696558
135,Intestinal_rectal_muscle,Motif_66,0.3762704,Motif_66,M03856_2.00,dsc-1,dsc-1,7.509745406696558
136,Intestinal_rectal_muscle,Motif_66,0.3762704,Motif_66,M05174_2.00,dsc-1,dsc-1,7.509745406696558
137,Intestinal_rectal_muscle,Motif_66,0.3762704,Motif_66,M03265_2.00,dsc-1,dsc-1,7.509745406696558
138,Intestinal_rectal_muscle,Motif_66,0.3762704,Motif_66,M05173_2.00,dsc-1,dsc-1,7.509745406696558
139,Intestinal_rectal_muscle,Motif_66,0.3762704,Motif_66,M02095_2.00,dsc-1,dsc-1,7.509745406696558
140,Intestinal_rectal_muscle,Motif_66,0.3762704,Motif_66,M03256_2.00,dsc-1,dsc-1,7.509745406696558
141,Intestinal_rectal_muscle,Motif_66,0.3762704,Motif_66,M05060_2.00,dsc-1,dsc-1,7.509745406696558
142,Intestinal_rectal_muscle,Motif_66,0.3762704,Motif_66,M06256_2.00,dsc-1,dsc-1,7.509745406696558
143,Intestinal_rectal_muscle,Motif_66,0.3762704,Motif_66,M00309_2.00,dsc-1,dsc-1,7.509745406696558
144,Intestinal_rectal_muscle,Motif_66,0.3762704,Motif_66,M02111_2.00,dsc-1,dsc-1,7.509745406696558
145,Intestinal_rectal_muscle,Motif_66,0.3762704,Motif_66,M02063_2.00,dsc-1,dsc-1,7.509745406696558
146,Intestinal_rectal_muscle,Motif_66,0.3762704,Motif_66,M03106_2.00,dsc-1,dsc-1,7.509745406696558
147,Intestinal_rectal_muscle,Motif_66,0.3762704,Motif_66,M09570_2.00,dsc-1,dsc-1,7.509745406696558
148,Intestinal_rectal_muscle,Motif_66,0.3762704,Motif_66,M03286_2.00,dsc-1,dsc-1,7.509745406696558
149,Intestinal_rectal_muscle,Motif_66,0.3762704,Motif_66,M06364_2.00,dsc-1,dsc-1,7.509745406696558
150,Intestinal_rectal_muscle,Motif_66,0.3762704,Motif_66,M03185_2.00,dsc-1,dsc-1,7.509745406696558
151,Intestinal_rectal_muscle,Motif_66,0.3762704,Motif_66,M03192_2.00,dsc-1,dsc-1,7.509745406696558
152,Intestinal_rectal_muscle,Motif_66,0.3762704,Motif_66,M05268_2.00,dsc-1,dsc-1,7.509745406696558
153,Intestinal_rectal_muscle,Motif_66,0.3762704,Motif_66,M03114_2.00,dsc-1,dsc-1,7.509745406696558
154,Intestinal_rectal_muscle,Motif_66,0.3762704,Motif_66,M03827_2.00,dsc-1,dsc-1,7.509745406696558
155,Intestinal_rectal_muscle,Motif_66,0.3762704,Motif_66,M05170_2.00,dsc-1,dsc-1,7.509745406696558
156,Intestinal_rectal_muscle,Motif_66,0.3762704,Motif_66,M05269_2.00,dsc-1,dsc-1,7.509745406696558
157,Intestinal_rectal_muscle,Motif_66,0.3762704,Motif_66,M06384_2.00,dsc-1,dsc-1,7.509745406696558
158,Intestinal_rectal_muscle,Motif_66,0.3762704,Motif_66,M03264_2.00,dsc-1,dsc-1,7.509745406696558
159,Intestinal_rectal_muscle,Motif_66,0.3762704,Motif_66,M03194_2.00,dsc-1,dsc-1,7.509745406696558
160,Intestinal_rectal_muscle,Motif_66,0.3762704,Motif_66,M03172_2.00,dsc-1,dsc-1,7.509745406696558
161,Intestinal_rectal_muscle,Motif_66,0.3762704,Motif_66,M03201_2.00,dsc-1,dsc-1,7.509745406696558
162,Intestinal_rectal_muscle,Motif_66,0.3762704,Motif_66,M04965_2.00,dsc-1,dsc-1,7.509745406696558
163,Intestinal_rectal_muscle,Motif_66,0.3762704,Motif_66,M05171_2.00,dsc-1,dsc-1,7.509745406696558
164,Intestinal_rectal_muscle,Motif_66,0.3762704,Motif_66,M06292_2.00,dsc-1,dsc-1,7.509745406696558
165,Intestinal_rectal_muscle,Motif_66,0.3762704,Motif_66,M00471_2.00,dsc-1,dsc-1,7.509745406696558
166,Intestinal_rectal_muscle,Motif_66,0.3762704,Motif_66,M03851_2.00,dsc-1,dsc-1,7.509745406696558
167,Intestinal_rectal_muscle,Motif_66,0.3762704,Motif_66,M05221_2.00,dsc-1,dsc-1,7.509745406696558
168,Intestinal_rectal_muscle,Motif_66,0.3762704,Motif_66,M03199_2.00,dsc-1,dsc-1,7.509745406696558
169,Intestinal_rectal_muscle,Motif_66,0.3762704,Motif_66,M06216_2.00,dsc-1,dsc-1,7.509745406696558
170,Intestinal_rectal_muscle,Motif_66,0.3762704,Motif_66,M06259_2.00,dsc-1,dsc-1,7.509745406696558
171,Intestinal_rectal_muscle,Motif_66,0.3762704,Motif_66,M09562_2.00,dsc-1,dsc-1,7.509745406696558
172,Intestinal_rectal_muscle,Motif_66,0.3762704,Motif_66,M03121_2.00,dsc-1,dsc-1,7.509745406696558
173,Intestinal_rectal_muscle,Motif_66,0.3762704,Motif_66,M03793_2.00,dsc-1,dsc-1,7.509745406696558
174,Intestinal_rectal_muscle,Motif_66,0.3762704,Motif_66,M03845_2.00,dsc-1,dsc-1,7.509745406696558
175,Intestinal_rectal_muscle,Motif_66,0.3762704,Motif_66,M05199_2.00,dsc-1,dsc-1,7.509745406696558
176,Intestinal_rectal_muscle,Motif_66,0.3762704,Motif_66,M03193_2.00,dsc-1,dsc-1,7.509745406696558
177,Intestinal_rectal_muscle,Motif_66,0.3762704,Motif_66,M00467_2.00,dsc-1,dsc-1,7.509745406696558
178,Intestinal_rectal_muscle,Motif_66,0.3762704,Motif_66,M02231_2.00,dsc-1,dsc-1,7.509745406696558
179,Intestinal_rectal_muscle,Motif_66,0.3762704,Motif_66,M05089_2.00,dsc-1,dsc-1,7.509745406696558
180,Intestinal_rectal_muscle,Motif_66,0.3762704,Motif_66,M05254_2.00,dsc-1,dsc-1,7.509745406696558
181,Intestinal_rectal_muscle,Motif_66,0.3762704,Motif_66,M03143_2.00,dsc-1,dsc-1,7.509745406696558
182,Intestinal_rectal_muscle,Motif_66,0.3762704,Motif_66,M03173_2.00,dsc-1,dsc-1,7.509745406696558
183,Intestinal_rectal_muscle,Motif_66,0.3762704,Motif_66,M03273_2.00,dsc-1,dsc-1,7.509745406696558
184,Intestinal_rectal_muscle,Motif_66,0.3762704,Motif_66,M04966_2.00,dsc-1,dsc-1,7.509745406696558
185,Intestinal_rectal_muscle,Motif_66,0.3762704,Motif_66,M03214_2.00,dsc-1,dsc-1,7.509745406696558
186,Intestinal_rectal_muscle,Motif_66,0.3762704,Motif_66,M03880_2.00,dsc-1,dsc-1,7.509745406696558
187,Intestinal_rectal_muscle,Motif_66,0.3762704,Motif_66,M06508_2.00,dsc-1,dsc-1,7.509745406696558
188,Intestinal_rectal_muscle,Motif_66,0.3762704,Motif_66,M05360_2.00,dsc-1,dsc-1,7.509745406696558
189,Intestinal_rectal_muscle,Motif_66,0.3762704,Motif_66,M03855_2.00,dsc-1,dsc-1,7.509745406696558
190,Intestinal_rectal_muscle,Motif_66,0.3762704,Motif_66,M03268_2.00,dsc-1,dsc-1,7.509745406696558
191,Intestinal_rectal_muscle,Motif_66,0.3762704,Motif_66,M05326_2.00,dsc-1,dsc-1,7.509745406696558
192,Intestinal_rectal_muscle,Motif_66,0.3762704,Motif_66,M03128_2.00,dsc-1,dsc-1,7.509745406696558
193,Intestinal_rectal_muscle,Motif_66,0.3762704,Motif_66,M03879_2.00,dsc-1,dsc-1,7.509745406696558
194,Intestinal_rectal_muscle,Motif_66,0.3762704,Motif_66,M05128_2.00,dsc-1,dsc-1,7.509745406696558
195,Intestinal_rectal_muscle,Motif_66,0.3762704,Motif_66,M05265_2.00,dsc-1,dsc-1,7.509745406696558
196,Intestinal_rectal_muscle,Motif_66,0.3762704,Motif_66,M06486_2.00,dsc-1,dsc-1,7.509745406696558
197,Intestinal_rectal_muscle,Motif_66,0.3762704,Motif_66,M03113_2.00,dsc-1,dsc-1,7.509745406696558
198,Intestinal_rectal_muscle,Motif_66,0.3762704,Motif_66,M05301_2.00,dsc-1,dsc-1,7.509745406696558
199,Intestinal_rectal_muscle,Motif_66,0.3762704,Motif_66,M03231_2.00,dsc-1,dsc-1,7.509745406696558
200,Intestinal_rectal_muscle,Motif_66,0.3762704,Motif_66,M03269_2.00,dsc-1,dsc-1,7.509745406696558
201,Intestinal_rectal_muscle,Motif_66,0.3762704,Motif_66,M03267_2.00,dsc-1,dsc-1,7.509745406696558
202,Intestinal_rectal_muscle,Motif_66,0.3762704,Motif_66,M03834_2.00,dsc-1,dsc-1,7.509745406696558
203,Intestinal_rectal_muscle,Motif_66,0.3762704,Motif_66,M04963_2.00,dsc-1,dsc-1,7.509745406696558
204,Intestinal_rectal_muscle,Motif_66,0.3762704,Motif_66,M06482_2.00,dsc-1,dsc-1,7.509745406696558
205,Intestinal_rectal_muscle,Motif_66,0.3762704,Motif_66,M02090_2.00,dsc-1,dsc-1,7.509745406696558
206,Intestinal_rectal_muscle,Motif_66,0.3762704,Motif_66,M05144_2.00,dsc-1,dsc-1,7.509745406696558
207,Intestinal_rectal_muscle,Motif_66,0.3762704,Motif_66,M06242_2.00,dsc-1,dsc-1,7.509745406696558
208,Intestinal_rectal_muscle,Motif_66,0.3762704,Motif_66,M03163_2.00,dsc-1,dsc-1,7.509745406696558
209,Intestinal_rectal_muscle,Motif_66,0.3762704,Motif_66,M03200_2.00,dsc-1,dsc-1,7.509745406696558
210,Intestinal_rectal_muscle,Motif_66,0.3762704,Motif_66,M05126_2.00,dsc-1,dsc-1,7.509745406696558
211,Intestinal_rectal_muscle,Motif_66,0.3762704,Motif_66,M05322_2.00,dsc-1,dsc-1,7.509745406696558
212,Intestinal_rectal_muscle,Motif_66,0.3762704,Motif_66,M06238_2.00,dsc-1,dsc-1,7.509745406696558
213,Intestinal_rectal_muscle,Motif_66,0.3762704,Motif_66,M00279_2.00,dsc-1,dsc-1,7.509745406696558
214,Intestinal_rectal_muscle,Motif_66,0.3762704,Motif_66,M06240_2.00,dsc-1,dsc-1,7.509745406696558
215,Intestinal_rectal_muscle,Motif_66,0.3762704,Motif_66,M05037_2.00,dsc-1,dsc-1,7.509745406696558
216,Intestinal_rectal_muscle,Motif_66,0.3762704,Motif_66,M10676_2.00,dsc-1,dsc-1,7.509745406696558
217,Intestinal_rectal_muscle,Motif_66,0.3762704,Motif_66,M03138_2.00,dsc-1,dsc-1,7.509745406696558
218,Intestinal_rectal_muscle,Motif_66,0.3762704,Motif_66,M03122_2.00,dsc-1,dsc-1,7.509745406696558
219,Intestinal_rectal_muscle,Motif_66,0.3762704,Motif_66,M03076_2.00,dsc-1,dsc-1,7.509745406696558
220,Intestinal_rectal_muscle,Motif_66,0.3762704,Motif_66,M05066_2.00,dsc-1,dsc-1,7.509745406696558
221,Intestinal_rectal_muscle,Motif_66,0.3762704,Motif_66,M05067_2.00,dsc-1,dsc-1,7.509745406696558
222,Intestinal_rectal_muscle,Motif_66,0.3762704,Motif_66,M05293_2.00,dsc-1,dsc-1,7.509745406696558
223,Intestinal_rectal_muscle,Motif_66,0.3762704,Motif_66,M06229_2.00,dsc-1,dsc-1,7.509745406696558
224,Intestinal_rectal_muscle,Motif_66,0.3762704,Motif_66,M03852_2.00,dsc-1,dsc-1,7.509745406696558
225,Intestinal_rectal_muscle,Motif_66,0.3762704,Motif_66,M00380_2.00,dsc-1,dsc-1,7.509745406696558
226,Intestinal_rectal_muscle,Motif_66,0.3762704,Motif_66,M04918_2.00,dsc-1,dsc-1,7.509745406696558
227,Intestinal_rectal_muscle,Motif_66,0.3762704,Motif_66,M05225_2.00,dsc-1,dsc-1,7.509745406696558
228,Intestinal_rectal_muscle,Motif_66,0.3762704,Motif_66,M03174_2.00,dsc-1,dsc-1,7.509745406696558
229,Intestinal_rectal_muscle,Motif_66,0.3762704,Motif_66,M03226_2.00,dsc-1,dsc-1,7.509745406696558
230,Intestinal_rectal_muscle,Motif_66,0.3762704,Motif_66,M00431_2.00,dsc-1,dsc-1,7.509745406696558
231,Intestinal_rectal_muscle,Motif_66,0.3762704,Motif_66,M03186_2.00,dsc-1,dsc-1,7.509745406696558
232,Intestinal_rectal_muscle,Motif_66,0.3762704,Motif_66,M05296_2.00,dsc-1,dsc-1,7.509745406696558
233,Intestinal_rectal_muscle,Motif_66,0.3762704,Motif_66,M03137_2.00,dsc-1,dsc-1,7.509745406696558
234,Intestinal_rectal_muscle,Motif_66,0.3762704,Motif_66,M03251_2.00,dsc-1,dsc-1,7.509745406696558
235,Intestinal_rectal_muscle,Motif_66,0.3762704,Motif_66,M09210_2.00,dsc-1,dsc-1,7.509745406696558
236,Intestinal_rectal_muscle,Motif_66,0.3762704,Motif_66,M06296_2.00,dsc-1,dsc-1,7.509745406696558
237,Intestinal_rectal_muscle,Motif_66,0.3762704,Motif_66,M04896_2.00,dsc-1,dsc-1,7.509745406696558
238,Intestinal_rectal_muscle,Motif_66,0.3762704,Motif_66,M04917_2.00,dsc-1,dsc-1,7.509745406696558
239,Intestinal_rectal_muscle,Motif_66,0.3762704,Motif_66,M03278_2.00,dsc-1,dsc-1,7.509745406696558
240,Intestinal_rectal_muscle,Motif_66,0.3762704,Motif_66,M00435_2.00,dsc-1,dsc-1,7.509745406696558
241,Intestinal_rectal_muscle,Motif_66,0.3762704,Motif_66,M00555_2.00,dsc-1,dsc-1,7.509745406696558
242,Intestinal_rectal_muscle,Motif_66,0.3762704,Motif_66,M04962_2.00,dsc-1,dsc-1,7.509745406696558
243,Intestinal_rectal_muscle,Motif_66,0.3762704,Motif_66,M05295_2.00,dsc-1,dsc-1,7.509745406696558
244,Intestinal_rectal_muscle,Motif_66,0.3762704,Motif_66,M03127_2.00,dsc-1,dsc-1,7.509745406696558
245,Intestinal_rectal_muscle,Motif_66,0.3762704,Motif_66,M06215_2.00,dsc-1,dsc-1,7.509745406696558
246,Intestinal_rectal_muscle,Motif_66,0.3762704,Motif_66,M03840_2.00,dsc-1,dsc-1,7.509745406696558
247,Intestinal_rectal_muscle,Motif_66,0.3762704,Motif_66,M09169_2.00,dsc-1,dsc-1,7.509745406696558
248,Intestinal_rectal_muscle,Motif_66,0.3762704,Motif_66,M03213_2.00,dsc-1,dsc-1,7.509745406696558
249,Intestinal_rectal_muscle,Motif_66,0.3762704,Motif_66,M05245_2.00,dsc-1,dsc-1,7.509745406696558
250,Intestinal_rectal_muscle,Motif_66,0.3762704,Motif_66,M05259_2.00,dsc-1,dsc-1,7.509745406696558
251,Intestinal_rectal_muscle,Motif_66,0.3762704,Motif_66,M06295_2.00,dsc-1,dsc-1,7.509745406696558
252,Intestinal_rectal_muscle,Motif_66,0.3762704,Motif_66,M00285_2.00,dsc-1,dsc-1,7.509745406696558
253,Intestinal_rectal_muscle,Motif_66,0.3762704,Motif_66,M05323_2.00,dsc-1,dsc-1,7.509745406696558
254,Intestinal_rectal_muscle,Motif_66,0.3762704,Motif_66,M03824_2.00,dsc-1,dsc-1,7.509745406696558
255,Intestinal_rectal_muscle,Motif_66,0.3762704,Motif_66,M04985_2.00,dsc-1,dsc-1,7.509745406696558
256,Intestinal_rectal_muscle,Motif_66,0.3762704,Motif_66,M05244_2.00,dsc-1,dsc-1,7.509745406696558
257,Intestinal_rectal_muscle,Motif_66,0.3762704,Motif_66,M03877_2.00,dsc-1,dsc-1,7.509745406696558
258,Intestinal_rectal_muscle,Motif_66,0.3762704,Motif_66,M09136_2.00,dsc-1,dsc-1,7.509745406696558
259,Intestinal_rectal_muscle,Motif_66,0.3762704,Motif_66,M03225_2.00,dsc-1,dsc-1,7.509745406696558
260,Intestinal_rectal_muscle,Motif_66,0.3762704,Motif_66,M05064_2.00,dsc-1,dsc-1,7.509745406696558
261,Intestinal_rectal_muscle,Motif_66,0.3762704,Motif_66,M00487_2.00,dsc-1,dsc-1,7.509745406696558
262,Intestinal_rectal_muscle,Motif_66,0.3762704,Motif_66,M02169_2.00,dsc-1,dsc-1,7.509745406696558
263,Intestinal_rectal_muscle,Motif_66,0.3762704,Motif_66,M09678_2.00,dsc-1,dsc-1,7.509745406696558
264,Intestinal_rectal_muscle,Motif_66,0.3762704,Motif_66,M00426_2.00,dsc-1,dsc-1,7.509745406696558
265,Intestinal_rectal_muscle,Motif_66,0.3762704,Motif_66,M03097_2.00,dsc-1,dsc-1,7.509745406696558
266,Intestinal_rectal_muscle,Motif_66,0.3762704,Motif_66,M03107_2.00,dsc-1,dsc-1,7.509745406696558
267,Intestinal_rectal_muscle,Motif_66,0.3762704,Motif_66,M03217_2.00,dsc-1,dsc-1,7.509745406696558
268,Intestinal_rectal_muscle,Motif_66,0.3762704,Motif_66,M06300_2.00,dsc-1,dsc-1,7.509745406696558
269,Intestinal_rectal_muscle,Motif_66,0.3762704,Motif_66,M05292_2.00,dsc-1,dsc-1,7.509745406696558
270,Intestinal_rectal_muscle,Motif_66,0.3762704,Motif_66,M03203_2.00,dsc-1,dsc-1,7.509745406696558
271,Intestinal_rectal_muscle,Motif_66,0.3762704,Motif_66,M05087_2.00,dsc-1,dsc-1,7.509745406696558
272,Intestinal_rectal_muscle,Motif_66,0.3762704,Motif_66,M05196_2.00,dsc-1,dsc-1,7.509745406696558
273,Intestinal_rectal_muscle,Motif_66,0.3762704,Motif_66,M05224_2.00,dsc-1,dsc-1,7.509745406696558
274,Intestinal_rectal_muscle,Motif_66,0.3762704,Motif_66,M05303_2.00,dsc-1,dsc-1,7.509745406696558
275,Intestinal_rectal_muscle,Motif_66,0.3762704,Motif_66,M06299_2.00,dsc-1,dsc-1,7.509745406696558
276,Intestinal_rectal_muscle,Motif_66,0.3762704,Motif_66,M00439_2.00,dsc-1,dsc-1,7.509745406696558
277,Intestinal_rectal_muscle,Motif_66,0.3762704,Motif_66,M05008_2.00,dsc-1,dsc-1,7.509745406696558
278,Intestinal_rectal_muscle,Motif_66,0.3762704,Motif_66,M06237_2.00,dsc-1,dsc-1,7.509745406696558
279,Intestinal_rectal_muscle,Motif_66,0.3762704,Motif_66,M05009_2.00,dsc-1,dsc-1,7.509745406696558
280,Intestinal_rectal_muscle,Motif_66,0.3762704,Motif_66,M05041_2.00,dsc-1,dsc-1,7.509745406696558
281,Intestinal_rectal_muscle,Motif_66,0.3762704,Motif_66,M06510_2.00,dsc-1,dsc-1,7.509745406696558
282,Intestinal_rectal_muscle,Motif_66,0.3762704,Motif_66,M00280_2.00,dsc-1,dsc-1,7.509745406696558
283,Intestinal_rectal_muscle,Motif_66,0.3762704,Motif_66,M03079_2.00,dsc-1,dsc-1,7.509745406696558
284,Intestinal_rectal_muscle,Motif_66,0.3762704,Motif_66,M03868_2.00,dsc-1,dsc-1,7.509745406696558
285,Intestinal_rectal_muscle,Motif_66,0.3762704,Motif_66,M00443_2.00,dsc-1,dsc-1,7.509745406696558
286,Intestinal_rectal_muscle,Motif_66,0.3762704,Motif_66,M03184_2.00,dsc-1,dsc-1,7.509745406696558
287,Intestinal_rectal_muscle,Motif_66,0.3762704,Motif_66,M00561_2.00,dsc-1,dsc-1,7.509745406696558
288,Intestinal_rectal_muscle,Motif_66,0.3762704,Motif_66,M03215_2.00,dsc-1,dsc-1,7.509745406696558
289,Intestinal_rectal_muscle,Motif_66,0.3762704,Motif_66,M03255_2.00,dsc-1,dsc-1,7.509745406696558
290,Intestinal_rectal_muscle,Motif_66,0.3762704,Motif_66,M10741_2.00,dsc-1,dsc-1,7.509745406696558
291,Intestinal_rectal_muscle,Motif_66,0.3762704,Motif_66,M00392_2.00,php-3,php-3,5.46786375330067
292,Intestinal_rectal_muscle,Motif_66,0.3762704,Motif_66,M06273_2.00,php-3,php-3,5.46786375330067
293,Intestinal_rectal_muscle,Motif_66,0.3762704,Motif_66,M06499_2.00,php-3,php-3,5.46786375330067
294,Intestinal_rectal_muscle,Motif_66,0.3762704,Motif_66,M06475_2.00,php-3,php-3,5.46786375330067
295,Intestinal_rectal_muscle,Motif_66,0.3762704,Motif_66,M00470_2.00,php-3,php-3,5.46786375330067
296,Intestinal_rectal_muscle,Motif_66,0.3762704,Motif_66,M02218_2.00,php-3,php-3,5.46786375330067
297,Intestinal_rectal_muscle,Motif_66,0.3762704,Motif_66,M06275_2.00,php-3,php-3,5.46786375330067
298,Intestinal_rectal_muscle,Motif_66,0.3762704,Motif_66,M02196_2.00,php-3,php-3,5.46786375330067
299,Intestinal_rectal_muscle,Motif_66,0.3762704,Motif_66,M06274_2.00,php-3,php-3,5.46786375330067
300,Intestinal_rectal_muscle,Motif_66,0.3762704,Motif_66,M05085_2.00,php-3,php-3,5.46786375330067
301,Intestinal_rectal_muscle,Motif_66,0.3762704,Motif_66,M09680_2.00,php-3,php-3,5.46786375330067
302,Intestinal_rectal_muscle,Motif_66,0.3762704,Motif_66,M09671_2.00,php-3,php-3,5.46786375330067
303,Intestinal_rectal_muscle,Motif_66,0.3762704,Motif_66,M09141_2.00,php-3,php-3,5.46786375330067
304,Intestinal_rectal_muscle,Motif_66,0.3762704,Motif_66,M09214_2.00,php-3,php-3,5.46786375330067
305,Intestinal_rectal_muscle,Motif_66,0.3762704,Motif_66,M06210_2.00,php-3,php-3,5.46786375330067
306,Intestinal_rectal_muscle,Motif_66,0.3762704,Motif_66,M03771_2.00,php-3,php-3,5.46786375330067
307,Intestinal_rectal_muscle,Motif_66,0.3762704,Motif_66,M00421_2.00,php-3,php-3,5.46786375330067
308,Intestinal_rectal_muscle,Motif_66,0.3762704,Motif_66,M03135_2.00,php-3,php-3,5.46786375330067
309,Intestinal_rectal_muscle,Motif_66,0.3762704,Motif_66,M05117_2.00,php-3,php-3,5.46786375330067
310,Intestinal_rectal_muscle,Motif_66,0.3762704,Motif_66,M03206_2.00,php-3,php-3,5.46786375330067
311,Intestinal_rectal_muscle,Motif_66,0.3762704,Motif_66,M03804_2.00,php-3,php-3,5.46786375330067
312,Intestinal_rectal_muscle,Motif_66,0.3762704,Motif_66,M03253_2.00,php-3,php-3,5.46786375330067
313,Intestinal_rectal_muscle,Motif_66,0.3762704,Motif_66,M05397_2.00,php-3,php-3,5.46786375330067
314,Intestinal_rectal_muscle,Motif_66,0.3762704,Motif_66,M06476_2.00,php-3,php-3,5.46786375330067
315,Intestinal_rectal_muscle,Motif_66,0.3762704,Motif_66,M05334_2.00,php-3,php-3,5.46786375330067
316,Intestinal_rectal_muscle,Motif_66,0.3762704,Motif_66,M05083_2.00,php-3,php-3,5.46786375330067
317,Intestinal_rectal_muscle,Motif_66,0.3762704,Motif_66,M05114_2.00,php-3,php-3,5.46786375330067
318,Intestinal_rectal_muscle,Motif_66,0.3762704,Motif_66,M05119_2.00,php-3,php-3,5.46786375330067
319,Intestinal_rectal_muscle,Motif_66,0.3762704,Motif_66,M03209_2.00,php-3,php-3,5.46786375330067
320,Intestinal_rectal_muscle,Motif_66,0.3762704,Motif_66,M08137_2.00,php-3,php-3,5.46786375330067
321,Intestinal_rectal_muscle,Motif_66,0.3762704,Motif_66,M03283_2.00,php-3,php-3,5.46786375330067
322,Intestinal_rectal_muscle,Motif_66,0.3762704,Motif_66,M09574_2.00,php-3,php-3,5.46786375330067
323,Intestinal_rectal_muscle,Motif_66,0.3762704,Motif_66,M05109_2.00,php-3,php-3,5.46786375330067
324,Intestinal_rectal_muscle,Motif_66,0.3762704,Motif_66,M05290_2.00,php-3,php-3,5.46786375330067
325,Intestinal_rectal_muscle,Motif_66,0.3762704,Motif_66,M05395_2.00,php-3,php-3,5.46786375330067
326,Intestinal_rectal_muscle,Motif_66,0.3762704,Motif_66,M09131_2.00,php-3,php-3,5.46786375330067
327,Intestinal_rectal_muscle,Motif_66,0.3762704,Motif_66,M09203_2.00,php-3,php-3,5.46786375330067
328,Intestinal_rectal_muscle,Motif_66,0.3762704,Motif_66,M05104_2.00,php-3,php-3,5.46786375330067
329,Intestinal_rectal_muscle,Motif_66,0.3762704,Motif_66,M02214_2.00,php-3,php-3,5.46786375330067
330,Intestinal_rectal_muscle,Motif_66,0.3762704,Motif_66,M03086_2.00,php-3,php-3,5.46786375330067
331,Intestinal_rectal_muscle,Motif_66,0.3762704,Motif_66,M05111_2.00,php-3,php-3,5.46786375330067
332,Intestinal_rectal_muscle,Motif_66,0.3762704,Motif_66,M05332_2.00,php-3,php-3,5.46786375330067
333,Intestinal_rectal_muscle,Motif_66,0.3762704,Motif_66,M03229_2.00,php-3,php-3,5.46786375330067
334,Intestinal_rectal_muscle,Motif_66,0.3762704,Motif_66,M05339_2.00,php-3,php-3,5.46786375330067
335,Intestinal_rectal_muscle,Motif_66,0.3762704,Motif_66,M03773_2.00,php-3,php-3,5.46786375330067
336,Intestinal_rectal_muscle,Motif_66,0.3762704,Motif_66,M05001_2.00,php-3,php-3,5.46786375330067
337,Intestinal_rectal_muscle,Motif_66,0.3762704,Motif_66,M05078_2.00,php-3,php-3,5.46786375330067
338,Intestinal_rectal_muscle,Motif_66,0.3762704,Motif_66,M05337_2.00,php-3,php-3,5.46786375330067
339,Intestinal_rectal_muscle,Motif_66,0.3762704,Motif_66,M05401_2.00,php-3,php-3,5.46786375330067
340,Intestinal_rectal_muscle,Motif_66,0.3762704,Motif_66,M04912_2.00,php-3,php-3,5.46786375330067
341,Intestinal_rectal_muscle,Motif_66,0.3762704,Motif_66,M03770_2.00,php-3,php-3,5.46786375330067
342,Intestinal_rectal_muscle,Motif_66,0.3762704,Motif_66,M03221_2.00,php-3,php-3,5.46786375330067
343,Intestinal_rectal_muscle,Motif_66,0.3762704,Motif_66,M05048_2.00,php-3,php-3,5.46786375330067
344,Intestinal_rectal_muscle,Motif_66,0.3762704,Motif_66,M03132_2.00,php-3,php-3,5.46786375330067
345,Intestinal_rectal_muscle,Motif_66,0.3762704,Motif_66,M05076_2.00,php-3,php-3,5.46786375330067
346,Intestinal_rectal_muscle,Motif_66,0.3762704,Motif_66,M08138_2.00,php-3,php-3,5.46786375330067
347,Cholinergic_neurons,Motif_83,1.7684959999999998,Motif_83,M04801_2.00,ast-1,ast-1,4.53811603757521
348,Dopaminergic_neurons,Motif_83,1.7219944999999999,Motif_83,M04801_2.00,ast-1,ast-1,5.88754990665491
349,Coelomocytes,Motif_117,0.80897826,Motif_117,M03059_2.00,let-381,let-381,15.142511990673098
350,Coelomocytes,Motif_117,0.80897826,Motif_117,M03037_2.00,let-381,let-381,15.142511990673098
351,Coelomocytes,Motif_117,0.80897826,Motif_117,M03013_2.00,let-381,let-381,15.142511990673098
